{
    "5": {
        "1000": {
            "spb": 0.01240694789081886,
            "blocks": 403,
            "consensusTime": 0.00026119402985074624,
            "transactionsTime": 0.012435323383084578
        },
        "2000": {
            "spb": 0.022935779816513763,
            "blocks": 218,
            "consensusTime": 0.000423963133640553,
            "transactionsTime": 0.023023041474654376
        }
    }
}