{"5":{"1000":{"spb":0.011990407673860911,"blocks":417,"consensusTime":0.0006274038461538461,"transactionsTime":0.012002403846153847},"2000":{"spb":0.023474178403755867,"blocks":213,"consensusTime":0.001259433962264151,"transactionsTime":0.023580188679245283}}}